OBJECTID,ROADNAME,MAP_TYPE,MPWBIKEID,SHAPELEN
1,DUMESNIL ST,4,1,186.297444090755
2,DUMESNIL ST,4,2,388.163770213894
3,DUMESNIL ST,4,3,56.1498613749147
4,W OAK ST,4,4,439.79940221705
5,VIRGINIA AVE,4,5,792.286624930903
6,S 28TH ST,4,6,491.746940564147
7,DUMESNIL ST,4,7,600.004261050623
8,DUMESNIL ST,4,8,43.8155773756056
9,DUMESNIL ST,4,9,373.982174450135
10,VIRGINIA AVE,4,10,382.927209299583
11,DUMESNIL ST,4,11,189.554807115308
12,W OAK ST,4,12,600.375455281109
13,DUMESNIL ST,4,13,383.91754978173
14,DUMESNIL ST,4,14,89.2138128234388
15,LEXINGTON RD,2,15,291.202492088492
16,LEXINGTON RD,2,16,427.16092170987
17,LEXINGTON RD,2,17,940.019785446765
18,LEXINGTON RD,2,18,920.008775195973
19,LEXINGTON RD,2,19,83.1649885807839
20,LEXINGTON RD,2,20,420.251615040951
21,LEXINGTON RD,2,21,515.527138553922
22,LEXINGTON RD,2,22,273.582766514034
23,LEXINGTON RD,2,23,455.548993550438
24,LEXINGTON RD,2,24,424.685293861447
25,LEXINGTON RD,2,25,95.8635821507449
26,LEXINGTON RD,2,26,328.949555049955
27,LEXINGTON RD,2,27,592.822856474462
28,LEXINGTON RD,2,28,73.6567852975946
29,LEXINGTON RD,2,29,152.414527673681
30,LEXINGTON RD,2,30,400.146840722102
31,CLIFF AVE,3,31,340.679873855824
32,S 2ND ST,3,32,509.530374743663
33,CARLISLE AVE,3,33,369.527784476821
34,LESTER AVE,3,34,390.490163619749
35,MONTANA AVE,3,35,337.064928507129
36,UTAH AVE,3,36,343.286830018425
37,CLIFF AVE,3,37,1189.32826037866
38,PEACHTREE AVE,3,38,317.657463518095
39,PEACHTREE AVE,3,39,392.996417879895
40,S RUTLAND AVE,3,40,1450.59728566321
41,W WOODLAWN AVE,3,41,521.947084413847
42,CLIFF AVE,3,42,377.835311060265
43,POWELL AVE,3,43,445.981572702992
44,S 2ND ST,3,44,407.155545264699
45,W WHITNEY AVE,3,45,619.303386489002
46,LESTER AVE,3,46,371.334451529195
47,E WHEATMORE DR,3,47,1160.00529087124
48,LESTER AVE,3,48,420.552854632773
49,W WOODLAWN AVE,3,49,474.677871564942
50,EARL AVE,3,50,723.313965334469
51,PEACHTREE AVE,3,51,418.001635684314
52,CARLISLE AVE,3,52,400.81883011329
53,STRADER AVE,3,53,369.310468619441
54,POWELL AVE,3,54,549.628155050061
55,CLIFF AVE,3,55,338.528272736083
56,W WHITNEY AVE,3,56,498.395077254286
57,E WHEATMORE DR,3,57,278.47771527474
58,CLIFF AVE,3,58,340.229568894566
59,W WOODLAWN AVE,3,59,452.763374816252
60,BERRY BLVD,4,60,165.722952692455
61,PHYLLIS AVE,3,61,283.232028716109
62,PEACHTREE AVE,3,62,167.17622922002
63,S 2ND ST,3,63,413.971502693149
64,WEYLER AVE,3,64,342.43556785584
65,S 2ND ST,3,65,308.953033700169
66,W WOODLAWN AVE,3,66,347.040185324513
67,PEACHTREE AVE,3,67,268.236469509364
68,POWELL AVE,3,68,549.159319016871
69,BROOKLINE AVE,3,69,487.46485064303
70,POWELL AVE,3,70,256.60522681294
71,S 2ND ST,3,71,512.032978824745
72,W WHITNEY AVE,3,72,663.929121181037
73,W WHITNEY AVE,3,73,523.02792927608
74,PEACHTREE AVE,3,74,366.258376660459
75,BROOKLINE AVE,3,75,451.482967757065
76,CLIFF AVE,3,76,340.412983130168
77,LESTER AVE,3,77,297.997209294573
78,CARLISLE AVE,3,78,371.586328257524
79,BICKNELL AVE,3,79,1056.8441481362
80,CAYUGA ST,3,80,413.243376297
81,CLIFF AVE,3,81,342.707375276208
82,STRADER AVE,3,82,291.021481582087
83,BICKNELL AVE,3,83,368.091752551329
84,CLIFF AVE,3,84,459.007288993948
85,CLIFF AVE,3,85,520.798411649601
86,MARCH BLVD,3,86,184.238163498894
87,CARLISLE AVE,3,87,369.322150316983
88,S 2ND ST,3,88,474.932711420808
89,BROOKLINE AVE,3,89,470.033617162333
90,W WOODLAWN AVE,3,90,110.720992127097
91,WARREN AVE,3,91,163.270904556199
92,W WHITNEY AVE,3,92,1236.52771637064
93,CARLISLE AVE,3,93,663.899695370076
94,CLIFF AVE,3,94,337.804382891437
95,LESTER AVE,3,95,126.026407518648
96,CLIFF AVE,3,96,669.269687740016
97,LESTER AVE,3,97,300.380914131902
98,W WOODLAWN AVE,3,98,382.031681479421
99,W FLORENCE AVE,3,99,169.256084298112
100,S WHEATMORE DR,3,100,578.519176023693
101,PEACHTREE AVE,3,101,294.168927102732
102,PEACHTREE AVE,3,102,336.166656437318
103,CLIFF AVE,3,103,1240.39458945864
104,CARLISLE AVE,3,104,370.945787159286
105,S 2ND ST,3,105,509.394404764275
106,PEACHTREE AVE,3,106,114.066361997876
107,UTAH AVE,3,107,245.600563307243
108,CARLISLE AVE,3,108,370.097289795934
109,WEYLER AVE,3,109,316.704986329256
110,W WHITNEY AVE,3,110,451.593584661055
111,WEYLER AVE,3,111,325.247950380908
112,S 2ND ST,3,112,274.688484853222
113,CARLISLE AVE,3,113,698.159137613812
114,PEACHTREE AVE,3,114,305.896180101706
115,CARLISLE AVE,3,115,368.447752227855
116,POWELL AVE,3,116,490.105147031321
117,WEYLER AVE,3,117,502.900360756476
118,SALE AVE,3,118,1028.10370620831
119,CLIFF AVE,3,119,339.332548495203
120,W COLLINS CT,3,120,240.470636946721
121,S 2ND ST,3,121,493.522687550654
122,BICKNELL AVE,3,122,812.347714008747
123,CAYUGA ST,3,123,761.87636545588
124,CAYUGA ST,3,124,340.090249566665
125,CLIFF AVE,3,125,530.456096154851
126,WESTPORT RD,2,126,533.084360079485
127,WHIPPS MILL RD,2,127,1935.35284769783
128,PLANTSIDE DR,2,128,531.749259466452
129,S 2ND ST,2,129,652.812685344428
130,W KENTUCKY ST,2,130,312.19876736809
131,S 7TH ST,2,131,228.48241120323
132,GOLDSMITH LN,2,132,547.511935369653
133,TAYLORSVILLE RD,2,133,942.062784114397
134,W BROADWAY,2,134,141.876168589911
135,W BROADWAY,2,135,55.0594653106018
136,W MARKET ST,2,136,480.320818676265
137,W BRECKINRIDGE ST,2,137,239.203958040065
138,S 3RD ST,2,138,705.850004006145
139,BRADLEY AVE,3,139,268.239313069515
140,GRINSTEAD DR,2,140,707.812225720014
141,W MAIN ST,4,141,481.691304432662
142,S 4TH ST,2,142,466.071547868639
143,WESTPORT RD,2,143,593.663473398424
144,POPLAR LEVEL RD,2,144,633.282100913618
145,S 3RD ST,2,145,794.718667694229
146,E BRECKINRIDGE ST,2,146,185.434823736791
147,W BROADWAY,2,147,239.549066989552
148,W MAIN ST,4,148,479.30977614814
149,PLANTSIDE DR,2,149,2507.00831801721
150,JOHNSONTOWN RD,2,150,450.651003931203
151,S 3RD ST,2,151,557.885527067305
152,WESTPORT RD,2,152,453.726573533666
153,TAYLORSVILLE RD,2,153,524.277478027907
154,S HANCOCK ST,3,154,246.432161422509
155,SOUTHWESTERN PKY,2,155,351.281375814142
156,E BRECKINRIDGE ST,2,156,621.986778578623
157,TAYLORSVILLE RD,2,157,294.235125865274
158,CAMP GROUND RD,2,158,2859.47650183572
159,POPLAR LEVEL RD,2,159,391.169086869758
160,BANK ST,4,160,504.852717952801
161,CAMP GROUND RD,2,162,750.868057369858
162,W BROADWAY,2,163,180.078639370824
163,WESTPORT RD,2,165,338.631524392018
164,POPLAR LEVEL RD,2,166,123.958748853407
165,WESTPORT RD,2,167,988.915893688348
166,WHIPPS MILL RD,2,168,697.457488970658
167,WHIPPS MILL RD,2,169,1430.9704492322
168,CAMP GROUND RD,2,170,197.796939999502
169,S 2ND ST,2,171,556.527653374142
170,W BROADWAY,2,172,118.234239865496
171,GRINSTEAD DR,2,173,166.465475052651
172,W HILL ST,2,174,477.585346597777
173,W CARDINAL BLVD,2,175,403.516038291247
174,W BROADWAY,2,176,220.909271339949
175,JOHNSONTOWN RD,4,177,1006.34561328687
176,S 3RD ST,2,178,546.117660764805
177,W MAIN ST,4,179,478.301986874333
178,S 2ND ST,2,180,1090.43866392919
179,E KENTUCKY ST,2,181,558.556777997853
180,W BROADWAY,2,182,222.381516913365
181,S 8TH ST,2,183,625.245680546536
182,WHIPPS MILL RD,2,184,568.000072704432
183,W BRECKINRIDGE ST,2,185,545.026852182669
184,BANK ST,4,186,499.013070474615
185,W HILL ST,2,187,615.851396472392
186,WHIPPS MILL RD,2,188,245.35127507041
187,JOHNSONTOWN RD,4,189,863.706266846813
188,S BARBEE WAY,3,190,521.724212561916
189,POPLAR LEVEL RD,2,191,419.558910799271
190,E BRECKINRIDGE ST,2,192,585.966353814516
191,E BRECKINRIDGE ST,2,193,379.336319070371
192,JOHNSONTOWN RD,4,194,564.349534199185
193,S BROOK ST,2,195,485.310990396764
194,S BROOK ST,2,196,280.145097982322
195,STONESTREET RD,2,197,726.404671932104
196,GRINSTEAD DR,2,198,319.166827539606
197,E KENTUCKY ST,4,199,275.808461502166
198,W MARKET ST,2,200,241.180524295998
199,W BRECKINRIDGE ST,2,201,239.888119744524
200,POPLAR LEVEL RD,2,202,236.638309714828
201,TAYLORSVILLE RD,2,203,440.254757107047
202,S HANCOCK ST,3,204,238.957361215553
203,SOUTHWESTERN PKY,2,205,325.251946480446
204,POPLAR LEVEL RD,2,206,422.376760092628
205,GOLDSMITH LN,2,207,353.300816991683
206,GOLDSMITH LN,2,208,284.877139197532
207,W BROADWAY,2,209,180.831054117512
208,POPLAR LEVEL RD,2,210,220.826574217409
209,BANK ST,4,211,70.3366443709038
210,E MARKET ST,2,212,585.168918061673
211,E KENTUCKY ST,2,213,653.034434737187
212,E KENTUCKY ST,2,214,479.485926180458
213,CAMP GROUND RD,2,215,708.079899162775
214,W BRECKINRIDGE ST,2,216,426.758480245093
215,S 7TH ST,2,217,478.675329777996
216,EASTERN PKY,2,218,205.781378963683
217,E MAIN ST,2,219,584.861896138519
218,BANK ST,4,220,492.639585185509
219,S BROOK ST,2,221,479.479382039959
220,E BRECKINRIDGE ST,2,222,558.814948722009
221,S 3RD ST,2,223,679.553547927375
222,BANK ST,4,224,974.51600347459
223,W MARKET ST,2,225,480.524189996572
224,W MARKET ST,2,226,478.403972136407
225,N BARBEE WAY,3,227,615.692071570414
226,CAMP GROUND RD,2,228,1273.39030755601
227,S 2ND ST,2,229,186.712442202235
228,GRINSTEAD DR,2,230,1089.2317078807
229,POPLAR LEVEL RD,2,231,219.23911648628
230,POPLAR LEVEL RD,2,232,405.914806687019
231,POPLAR LEVEL RD,2,233,301.708023606554
232,W BROADWAY,2,234,229.533654910575
233,E KENTUCKY ST,2,235,255.581167952199
234,CAMP GROUND RD,2,236,1390.74530400345
235,TAYLORSVILLE RD,2,237,689.721118905217
236,W BROADWAY,2,238,473.448592638964
237,S 7TH ST,2,239,358.051777139863
238,GRINSTEAD DR,2,240,328.823098209242
239,W BROADWAY,2,241,126.843469647033
240,BANK ST,4,242,102.266063578778
241,WHIPPS MILL RD,2,243,364.780284132452
242,E KENTUCKY ST,2,244,329.229062112549
243,W BRECKINRIDGE ST,2,245,480.43214141651
244,S 4TH ST,2,246,511.628435543364
245,WHIPPS MILL RD,2,248,262.000685661586
246,S 8TH ST,2,249,415.125170438713
247,S 3RD ST,2,250,1088.1943424418
248,WHIPPS MILL RD,2,251,752.017141409914
249,STONESTREET RD,2,252,2568.74845495997
250,TAYLORSVILLE RD,2,253,579.921541299943
251,SOUTHWESTERN PKY,2,254,333.301109408796
252,E MAIN ST,2,255,585.857185508694
253,JOHNSONTOWN RD,2,256,398.178686290689
254,TAYLORSVILLE RD,2,257,233.98219503877
255,E BRECKINRIDGE ST,2,258,212.312644786324
256,W KENTUCKY ST,2,259,480.711115436689
257,BANK ST,4,260,176.485245344849
258,TAYLORSVILLE RD,2,261,466.593820446948
259,BANK ST,4,262,794.052076907569
260,W MAIN ST,4,263,477.112467479169
261,TAYLORSVILLE RD,2,264,291.345943821914
262,S SHELBY ST,4,265,265.062446455521
263,POPLAR LEVEL RD,2,266,406.399756910529
264,S 8TH ST,2,267,283.706409402966
265,W KENTUCKY ST,2,268,234.360722301097
266,GRINSTEAD DR,2,269,404.277482620949
267,W BROADWAY,2,270,356.413052783494
268,JOHNSONTOWN RD,2,271,478.060340547696
269,GOLDSMITH LN,4,272,649.736091919348
270,W BROADWAY,2,273,89.1532226710728
271,S 2ND ST,2,274,859.732974357951
272,SOUTHWESTERN PKY,2,275,253.591200215386
273,SOUTHWESTERN PKY,2,276,394.031666970395
274,PLANTSIDE DR,2,277,311.489184603267
275,W BROADWAY,2,278,199.475001327844
276,W HILL ST,2,279,479.330266215654
277,TAYLORSVILLE RD,2,280,516.00700660071
278,E KENTUCKY ST,2,281,584.437786597975
279,JOHNSONTOWN RD,4,282,1457.25820289567
280,JOHNSONTOWN RD,2,283,641.111227496682
281,GRINSTEAD DR,2,284,179.842694900397
282,W BROADWAY,2,285,671.684717935157
283,W BRECKINRIDGE ST,2,286,247.066527952267
284,S 3RD ST,2,287,869.968333558127
285,TAYLORSVILLE RD,2,288,508.154265789994
286,W BROADWAY,2,289,177.314842357145
287,WHIPPS MILL RD,2,290,307.65128605789
288,POPLAR LEVEL RD,2,291,429.673682100858
289,WESTPORT RD,2,292,773.198272501842
290,GRINSTEAD DR,4,293,327.236263560991
291,SOUTHWESTERN PKY,2,294,545.456112999668
292,WHIPPS MILL RD,2,295,482.693963523661
293,E CARDINAL BLVD,2,296,355.913213712986
294,CAMP GROUND RD,2,297,408.977501614645
295,SOUTHWESTERN PKY,2,298,749.997142555415
296,E KENTUCKY ST,2,300,1474.15963437293
297,WESTPORT RD,2,301,371.637063893917
298,W MARKET ST,2,302,480.45950387614
299,SOUTHWESTERN PKY,2,303,314.760473345845
300,W MARKET ST,2,304,479.848311802715
301,E BRECKINRIDGE ST,2,305,586.657327512878
302,TAYLORSVILLE RD,2,306,420.490821711192
303,W KENTUCKY ST,2,307,516.855580153752
304,JOHNSONTOWN RD,4,308,77.1291968727364
305,E KENTUCKY ST,2,309,585.073935744818
306,TAYLORSVILLE RD,2,310,965.331212970186
307,E BRECKINRIDGE ST,2,311,554.902467153901
308,W MARKET ST,2,312,480.135651934258
309,JOHNSONTOWN RD,2,313,552.230073278347
310,JOHNSONTOWN RD,2,314,266.140117865439
311,PLANTSIDE DR,2,315,1207.61097088016
312,GOSS AVE,4,316,156.612179023347
313,S 3RD ST,2,317,826.164525547004
314,POPLAR LEVEL RD,2,318,509.489841128692
315,SOUTHWESTERN PKY,2,319,328.479990013449
316,E BRECKINRIDGE ST,2,320,713.07687210498
317,CAMP GROUND RD,2,321,549.353130464439
318,W KENTUCKY ST,2,322,229.894244679859
319,SOUTHWESTERN PKY,2,323,2105.96819328073
320,BANK ST,4,324,176.095267272056
321,E KENTUCKY ST,2,325,204.298903635615
322,W HILL ST,2,326,349.745940340178
323,SOUTHWESTERN PKY,2,327,311.377129539162
324,W BROADWAY,2,328,297.149226492654
325,S 3RD ST,2,329,479.171520304957
326,WHIPPS MILL RD,2,330,495.76086176876
327,WESTPORT RD,4,331,390.077008979274
328,W HILL ST,2,332,958.550358065299
329,W HILL ST,2,333,1340.09232417893
330,E MARKET ST,2,334,584.233326848472
331,GRINSTEAD DR,2,335,310.332862282122
332,WESTPORT RD,2,336,293.805936883881
333,W MARKET ST,2,337,482.665936729504
334,W MAIN ST,4,338,481.359052400988
335,GRINSTEAD DR,2,339,369.882743179652
336,CAMP GROUND RD,2,340,244.200952063737
337,POPLAR LEVEL RD,2,341,1672.37390594575
338,W MARKET ST,2,342,479.718992699201
339,W MARKET ST,2,343,479.111205363337
340,W MAIN ST,4,344,479.543944857507
341,STONESTREET RD,2,345,1242.02940508809
342,SOUTHWESTERN PKY,2,346,365.60437798895
343,STONESTREET RD,2,347,512.200714104498
344,GRINSTEAD DR,2,348,1181.64894351675
345,CAMP GROUND RD,2,349,3080.69473463411
346,N SPRING ST,2,350,498.427176288486
347,WESTPORT RD,2,351,339.091898018026
348,TAYLORSVILLE RD,2,353,2660.15762418454
349,W BRECKINRIDGE ST,2,354,242.395815620262
350,E KENTUCKY ST,2,355,246.344360515309
351,S 7TH ST,2,356,479.857920183925
352,S 7TH ST,2,357,639.977307199923
353,E BRANDEIS AVE,2,358,871.435381912171
354,WESTPORT RD,2,359,419.130238008163
355,WHIPPS MILL RD,2,360,304.493130954985
356,WESTPORT RD,2,361,344.415941135791
357,E KENTUCKY ST,2,362,154.658236524394
358,CAMP GROUND RD,2,363,100.223405094125
359,TAYLORSVILLE RD,2,364,464.09894127664
360,GOLDSMITH LN,2,365,272.904908513048
361,S 3RD ST,2,366,494.928402301748
362,POPLAR LEVEL RD,2,367,918.58366271652
363,W MARKET ST,2,368,960.745039984279
364,W KENTUCKY ST,2,369,466.579815134088
365,S 3RD ST,2,370,480.08246866807
366,S 2ND ST,2,371,274.065443584229
367,E KENTUCKY ST,2,372,585.375042720923
368,W BROADWAY,2,373,213.779497367407
369,WESTPORT RD,2,374,970.400574695943
370,TAYLORSVILLE RD,2,375,193.524652623841
371,S BARBEE WAY,3,376,460.130375904758
372,N BARBEE WAY,3,377,517.571569134807
373,PLANTSIDE DR,2,378,3119.83599049537
374,TAYLORSVILLE RD,2,379,1139.03589788231
375,W BROADWAY,2,380,185.450187158481
376,POPLAR LEVEL RD,2,381,957.674127366008
377,W KENTUCKY ST,2,382,480.643958958274
378,TAYLORSVILLE RD,4,383,487.831361797838
379,W KENTUCKY ST,2,384,250.281235960491
380,E KENTUCKY ST,2,385,115.12068354164
381,W MARKET ST,2,386,237.098681691266
382,SOUTHWESTERN PKY,2,387,371.34947791236
383,W BROADWAY,2,388,278.266042883794
384,E KENTUCKY ST,2,389,547.973580487148
385,S 3RD ST,2,390,465.453489785687
386,POPLAR LEVEL RD,2,391,369.773984474079
387,E BRECKINRIDGE ST,2,392,214.82080853655
388,S 3RD ST,2,393,856.410909411103
389,S 8TH ST,2,394,480.131168202008
390,SOUTHWESTERN PKY,2,395,339.629439494863
391,JOHNSONTOWN RD,2,396,206.358560649913
392,POPLAR LEVEL RD,2,397,353.259376680776
393,WESTPORT RD,2,398,409.195673503677
394,E MAIN ST,2,399,479.142716332467
395,E KENTUCKY ST,2,400,421.464837620281
396,E BRECKINRIDGE ST,2,401,560.67678743516
397,GOLDSMITH LN,2,402,292.156397455069
398,E BRECKINRIDGE ST,2,403,478.651405964232
399,WESTPORT RD,2,404,485.83961321061
400,W BROADWAY,2,405,113.196418750894
401,W BRECKINRIDGE ST,2,406,481.840747015116
402,WESTPORT RD,2,407,410.783728079792
403,TAYLORSVILLE RD,2,408,212.817451708381
404,WESTPORT RD,2,409,316.669843001078
405,W BROADWAY,2,410,158.168137669026
406,E BRECKINRIDGE ST,2,411,186.68649373388
407,WHIPPS MILL RD,2,412,406.595267680374
408,W KENTUCKY ST,2,413,492.041647651318
409,S 3RD ST,2,414,481.205698816065
410,CAMP GROUND RD,2,415,2841.33545441958
411,BRADLEY AVE,3,416,180.42473514462
412,W CARDINAL BLVD,2,417,550.334489998238
413,S 1ST ST,2,418,1140.56027403705
414,SOUTHWESTERN PKY,2,419,792.133175219167
415,S 3RD ST,2,420,480.151172411987
416,E BRECKINRIDGE ST,2,421,182.784352702049
417,EASTERN PKY,2,422,362.50763081238
418,GRINSTEAD DR,2,423,587.626886802141
419,POPLAR LEVEL RD,2,424,350.923088970756
420,POPLAR LEVEL RD,2,425,185.625996201005
421,WESTPORT RD,2,426,424.771312722351
422,TAYLORSVILLE RD,2,427,288.109883064071
423,GRINSTEAD DR,2,428,902.12020205854
424,W BROADWAY,2,429,157.627619879647
425,S SHELBY ST,4,430,152.924176170599
426,CAMP GROUND RD,2,431,925.854094509385
427,E BRECKINRIDGE ST,2,432,561.052371878893
428,S 8TH ST,2,433,520.094764921648
429,E KENTUCKY ST,2,434,280.247087358326
430,S SHELBY ST,4,435,78.3241129062839
431,POPLAR LEVEL RD,2,436,442.399983377756
432,WESTPORT RD,2,437,437.267717938773
433,W BROADWAY,2,438,96.8122241512231
434,E BRECKINRIDGE ST,2,439,187.110657881065
435,SOUTHWESTERN PKY,2,440,131.734214674308
436,JOHNSONTOWN RD,2,441,1184.01752624146
437,LETTERLE RD,5,442,575.636777703472
438,S 7TH ST,2,443,281.073931483859
439,S BROOK ST,2,444,520.539339438886
440,SHELBYVILLE RD,2,445,610.539731405717
441,W MUHAMMAD ALI BLVD,2,446,323.425688944909
442,YORK ST,3,447,239.375401314447
443,S 6TH ST,2,448,283.796437045445
444,S BROOK ST,4,449,84.3503907980448
445,S 1ST ST,4,451,88.024167378019
446,W ORMSBY AVE,3,453,480.945029573085
447,VERMONT AVE,3,454,310.602200064676
448,SHELBYVILLE RD,2,455,619.658355830789
449,E COLLEGE ST,3,456,586.514808280405
450,W MADISON ST,3,457,480.535305158005
451,YORK ST,3,458,239.539902475462
452,W CHESTNUT ST,2,459,866.740185856794
453,S 6TH ST,2,460,225.996173235112
454,LAMPTON ST,3,461,208.254743339455
455,S 6TH ST,4,462,243.120435614883
456,S HANCOCK ST,3,463,380.405931658119
457,E ORMSBY AVE,3,464,470.399104734501
458,DELOR AVE,3,465,296.532564573974
459,S 6TH ST,2,466,484.100140693051
460,S HANCOCK ST,3,468,253.083999928908
461,W MAGNOLIA AVE,3,469,481.821096309827
462,HICKORY ST,3,470,197.487488018479
463,YORK ST,3,471,479.990732379882
464,ELLISON AVE,3,472,986.071930616783
465,ZANE ST,4,473,430.177412606486
466,W ORMSBY AVE,3,474,479.876428748936
467,VERMONT AVE,3,475,858.688444434138
468,VERMONT AVE,3,476,794.515183517997
469,S 8TH ST,4,478,277.315009447924
470,SWAN ST,3,479,370.074771027594
471,SHELBYVILLE RD,2,480,656.309642688946
472,W MADISON ST,3,481,478.405600009794
473,SHELBYVILLE RD,2,482,911.496424374041
474,VERMONT AVE,3,483,617.917200849656
475,W MUHAMMAD ALI BLVD,2,484,84.7578908266743
476,VERMONT AVE,3,485,771.173193031215
477,S HANCOCK ST,3,486,237.370437739155
478,W MAIN ST,4,487,961.350344044822
479,E COLLEGE ST,3,488,479.937823579282
480,W MAIN ST,4,489,478.488076420553
481,VERMONT AVE,3,490,479.47749815194
482,W MAIN ST,4,491,480.624550286296
483,S HANCOCK ST,3,492,255.477273382514
484,SWAN ST,3,493,369.486127488132
485,JOHNSONTOWN RD,4,494,1638.62379063286
486,S HANCOCK ST,3,495,255.710389776465
487,S 8TH ST,4,496,662.073460371667
488,W MADISON ST,3,497,480.814826198868
489,ELLISON AVE,3,498,377.874353364136
490,S 6TH ST,4,499,512.253318503674
491,LAMPTON ST,3,500,558.849906044181
492,HICKORY ST,3,501,362.931952911008
493,W CHESTNUT ST,2,502,400.810397869485
494,W MAIN ST,4,503,242.813491110944
495,W MAGNOLIA AVE,3,504,481.431934062237
496,JOHNSONTOWN RD,4,505,980.217257131917
497,S 6TH ST,2,507,651.403142179845
498,S 6TH ST,2,508,804.104979594869
499,S 6TH ST,4,509,170.654907886048
500,S 6TH ST,2,510,811.036253820538
501,S 6TH ST,4,511,420.659747972534
502,HICKORY ST,3,512,411.160655316023
503,LAMPTON ST,3,513,152.231483718799
504,W CHESTNUT ST,2,514,431.573866335189
505,JOHNSONTOWN RD,4,515,763.376182169899
506,S 6TH ST,2,516,265.288904430987
507,YORK ST,3,517,484.348707852348
508,S HANCOCK ST,3,518,252.299159362017
509,S HANCOCK ST,3,519,401.644170790334
510,W ORMSBY AVE,3,520,251.857325828803
511,YORK ST,3,521,477.463287904459
512,S 6TH ST,4,522,437.188169208459
513,VERMONT AVE,3,523,336.905060459256
514,S FLOYD ST,4,524,511.043045473791
515,S BROOK ST,4,525,367.544788851223
516,W MAIN ST,4,526,236.793955409678
517,SWAN ST,3,527,632.733429515092
518,S HANCOCK ST,3,528,401.548562072663
519,SHELBYVILLE RD,2,529,467.105546919766
520,W MAGNOLIA AVE,3,530,477.350723260049
521,S HANCOCK ST,3,531,236.029763339718
522,W CHESTNUT ST,2,532,479.33743101199
523,JOHNSONTOWN RD,4,533,366.177970167287
524,W MUHAMMAD ALI BLVD,2,534,404.80994717601
525,W MADISON ST,3,535,479.529542462907
526,W CHESTNUT ST,2,536,103.111564066267
527,W MUHAMMAD ALI BLVD,2,537,479.474380694318
528,S 6TH ST,4,538,800.758756026691
529,SHELBYVILLE RD,2,539,333.174664887535
530,N FLOYD ST,4,540,283.249188391382
531,HICKORY ST,3,541,411.706766336926
532,ELLISON AVE,3,542,54.9664521529213
533,ELLISON AVE,3,543,326.49104881497
534,E ORMSBY AVE,3,544,583.06776104246
535,JOHNSONTOWN RD,4,545,378.390741355339
536,S HANCOCK ST,3,546,394.05201679788
537,W MADISON ST,3,547,399.431872827412
538,W ORMSBY AVE,3,548,480.780753328853
539,W MUHAMMAD ALI BLVD,2,549,128.526724172414
540,S 6TH ST,4,550,652.829939530618
541,ELLISON AVE,3,551,383.392649250102
542,W MARKET ST,2,552,144.759415362765
543,E ORMSBY AVE,3,553,584.742843992606
544,N FLOYD ST,4,554,472.766303016229
545,S 1ST ST,4,555,22.1315848137918
546,E MAGNOLIA AVE,4,556,242.689660235441
547,LEXINGTON RD,4,557,920.008775195973
548,W MUHAMMAD ALI BLVD,2,558,431.533295146187
549,SWAN ST,3,559,220.116575126733
550,E ORMSBY AVE,3,560,585.884207484489
551,JOHNSONTOWN RD,4,561,331.767459543389
552,HICKORY ST,3,562,362.159395658415
553,S 1ST ST,4,563,390.657176803683
554,DELOR AVE,3,564,329.340042392644
555,W MADISON ST,3,565,478.660063318045
556,HICKORY ST,3,566,177.419470040643
557,DELOR AVE,3,567,54.8836446694089
558,S 6TH ST,4,568,209.333759119299
559,W MAIN ST,4,569,479.143578431522
560,E ORMSBY AVE,3,570,584.853011612453
561,W MAGNOLIA AVE,3,571,481.42571653956
562,HICKORY ST,3,572,355.668588885687
563,W MADISON ST,3,573,262.015585014444
564,LAMPTON ST,3,574,187.270846331904
565,LAMPTON ST,3,575,187.857759808198
566,W MUHAMMAD ALI BLVD,2,576,79.0842442878647
567,VERMONT AVE,3,577,593.601920925813
568,W MADISON ST,3,578,480.163832357835
569,S 6TH ST,4,579,794.580603775575
570,LAMPTON ST,3,580,60.0449835301863
571,HICKORY ST,3,581,173.302043285642
572,W CHESTNUT ST,2,583,128.278423987362
573,W MADISON ST,3,584,481.237515908561
574,W MUHAMMAD ALI BLVD,2,585,397.919378813026
575,SWAN ST,3,586,312.088703146401
576,W MUHAMMAD ALI BLVD,2,587,402.122205839225
577,W MAIN ST,4,588,480.428587071868
578,S BROOK ST,4,589,690.986822590027
579,S 6TH ST,4,590,430.464525436516
580,CLARK MEMORIAL BRG,4,591,4496.77477545977
581,W MAIN ST,4,592,482.197670829196
582,ZANE ST,4,593,528.860917880685
583,S 8TH ST,4,594,357.85950065963
584,W CHESTNUT ST,2,595,479.86516482692
585,S HANCOCK ST,3,596,44.0398440840253
586,SHELBYVILLE RD,2,597,301.564983868603
587,W MADISON ST,3,598,1217.38448516935
588,W MADISON ST,3,599,480.16843643389
589,GRINSTEAD DR,4,600,479.133130495558
590,GRINSTEAD DR,2,601,637.075811920039
591,SPRATT ST,3,602,389.575758035497
592,LAMPTON ST,3,603,99.7878276768329
593,LAMPTON ST,3,604,188.722985658844
594,JOHNSONTOWN RD,4,605,93.5194864447784
595,S BROOK ST,4,606,391.866315376833
596,ELLISON AVE,3,607,664.340792564583
597,HICKORY ST,3,608,380.428444286481
598,SPRATT ST,3,609,390.370259335976
599,E ORMSBY AVE,3,611,558.359738177891
600,W MAGNOLIA AVE,3,612,483.005757851609
601,SWAN ST,3,613,508.803168148911
602,E ORMSBY AVE,3,614,632.668371847223
603,S 8TH ST,4,615,289.694052433327
604,YORK ST,3,616,240.657321321639
605,N 6TH ST,4,617,239.946827163172
606,S 8TH ST,4,618,310.331843628544
607,ELLISON AVE,3,619,355.823533839435
608,LAMPTON ST,3,620,585.14619556594
609,S 6TH ST,2,621,908.427373364137
610,VERMONT AVE,3,622,811.265984112475
611,YORK ST,3,623,237.825680157059
612,S HANCOCK ST,3,624,256.122605554423
613,S 6TH ST,2,625,244.764873718836
614,GRINSTEAD DR,4,626,457.518800296226
615,W MADISON ST,3,627,784.067199806598
616,LAMPTON ST,3,628,379.783115970506
617,SPRATT ST,3,630,391.481328310115
618,LAMPTON ST,3,631,84.7678070515972
619,S 6TH ST,4,632,132.832017813693
620,S HANCOCK ST,3,633,238.939951669152
621,N 6TH ST,2,634,407.97567514059
622,W CHESTNUT ST,2,636,477.590535027679
623,SWAN ST,3,637,379.476840721174
624,S 6TH ST,4,638,418.052931822948
625,VERMONT AVE,3,639,979.213953026919
626,YORK ST,3,640,485.844128839334
627,S HANCOCK ST,3,641,254.568290981394
628,S 8TH ST,4,642,480.262979680333
629,SWAN ST,3,643,400.258956054186
630,S 6TH ST,2,644,170.033216299025
631,W ORMSBY AVE,3,645,229.18342539398
632,S 1ST ST,4,646,666.020830116613
633,HICKORY ST,3,647,328.375833955337
634,W ORMSBY AVE,3,648,479.224060250297
635,SWAN ST,3,649,375.394724490801
636,W MADISON ST,3,650,698.302641133834
637,E MAGNOLIA AVE,4,651,238.440725607921
638,W MARKET ST,2,652,245.952929407299
639,EASTERN PKY,2,653,2344.08572576663
640,N SPRING ST,2,654,1030.17754553753
641,LANNAN PARK,5,655,2250.53444835532
642,LANNAN PARK,5,656,245.274041582748
643,LANNAN PARK,5,657,801.829949182372
644,BIG FOUR BRIDGE,5,658,4517.04364580676
645,BOWMAN FIELD,5,659,2905.87465985714
646,SENECA PARK,5,705,2553.41133788898
647,S BROOK ST,2,706,96.8709144657159
648,S BROOK ST,2,707,430.13517869052
649,ST MATTHEWS AVE,4,708,789.501624270586
650,WILLIS AVE,4,709,231.36898753413
651,RIDGEWAY AVE,4,710,177.591421977304
652,WESTPORT RD,4,711,105.767197372839
653,WESTPORT RD,4,712,1242.2769602901
654,WILLIS AVE,4,713,451.422612270808
655,WESTPORT RD,4,714,408.718629507489
656,WESTPORT RD,4,715,99.739906272643
657,WESTPORT RD,4,716,284.126806615508
658,WESTPORT RD,4,717,472.918791421151
659,BAUER AVE,3,718,747.957678187498
660,BAUER AVE,3,719,526.699495536213
661,MACON AVE,3,720,578.804785335451
662,WILMINGTON AVE,3,721,324.262838030623
663,MACON AVE,3,722,422.875354279862
664,MACON AVE,3,723,401.094925514603
665,MERIDIAN AVE,3,724,401.809495868987
666,MERIDIAN AVE,3,725,397.223707178055
667,MACON AVE,3,726,338.824139452618
668,MACON AVE,3,727,295.452295197715
669,MACON AVE,3,728,373.352940781521
670,MACON AVE,3,729,472.199732159391
671,S SHERRIN AVE,3,730,331.819898336988
672,S SHERRIN AVE,3,731,395.327901830785
673,S SHERRIN AVE,3,732,314.345310049722
674,S SHERRIN AVE,3,733,314.528715762966
675,S SHERRIN AVE,3,734,383.258202414313
676,MACON AVE,3,735,401.186995794054
677,MACON AVE,3,736,377.180099067078
678,MONOHAN DR,3,737,942.506098505403
679,S SHERRIN AVE,3,738,716.382017729561
680,MONOHAN DR,3,739,1515.82682672269
681,S SHERRIN AVE,3,740,350.829452021224
682,MACON AVE,3,741,319.568531928634
683,MACON AVE,3,742,247.42435844731
684,MACON AVE,3,743,352.205133283611
685,MACON AVE,3,744,377.027793798331
686,MACON AVE,3,745,359.992231409589
687,HYCLIFFE AVE,3,746,144.69034795851
688,HILLSBORO RD,3,747,217.991215756068
689,ALTON RD,3,748,335.608267986226
690,HILLSBORO RD,3,749,449.823777215806
691,ALTON RD,3,750,1278.63967419931
692,HILLSBORO RD,3,751,156.826296587718
693,ALTON RD,3,752,459.302032969997
694,HILLSBORO RD,3,753,841.212204592898
695,HILLSBORO RD,3,754,900.556176171538
696,NORBOURNE BLVD,3,755,499.64294323588
697,NORBOURNE BLVD,3,756,727.546675607922
698,NORBOURNE BLVD,3,757,315.124044005377
699,NORBOURNE BLVD,3,758,630.867177221184
700,NORBOURNE BLVD,3,759,590.360698447854
701,NANZ AVE,3,760,435.730358387053
702,NANZ AVE,3,761,440.913701074818
703,NANZ AVE,3,762,474.306552939917
704,NANZ AVE,3,763,311.91981955618
705,CANTERBURY LN,3,764,417.975937115935
706,NANZ AVE,3,765,521.289986568257
707,NANZ AVE,3,766,861.428213777067
708,CANTERBURY LN,3,767,208.307584947233
709,NANZ AVE,3,768,1466.30584993123
710,CANTERBURY LN,3,769,267.395223413438
711,NANZ AVE,3,770,309.421346019611
712,HUNTINGTON RD,3,771,365.242665817149
713,ALDEN RD,3,772,649.093841130556
714,OLD CANNONS LN,3,773,147.554332218319
715,ALDEN RD,3,774,392.913131689358
716,OLD CANNONS LN,3,775,927.156457977232
717,OLD CANNONS LN,3,776,341.094279441286
718,PARK HILLS DR,3,777,869.347310289768
719,PARK HILLS DR,3,778,425.969173740863
720,SENECA PARK RD,3,779,879.464432877789
721,S 4TH ST,2,780,2062.91771758537
722,DELOR AVE,3,781,82.4348764754129
723,DELOR AVE,3,782,207.383606492276
724,DELOR AVE,3,783,352.911323853675
725,DELOR AVE,3,784,409.907835732128
726,DELOR AVE,3,785,336.204109499624
727,DELOR AVE,3,786,298.968993481122
728,DELOR AVE,3,787,415.457115059204
729,DELOR AVE,3,788,370.132270189247
730,DELOR AVE,3,789,703.041332615249
731,THRUSTON AVE,3,790,646.65048090461
732,THRUSTON AVE,3,791,350.025877639419
733,THRUSTON AVE,3,792,249.45011299646
734,THRUSTON AVE,3,793,304.766529748962
735,THRUSTON AVE,3,794,381.007210542841
736,THRUSTON AVE,3,795,699.071893975393
737,THRUSTON AVE,3,796,101.131718242974
738,THRUSTON AVE,3,797,304.692821894199
739,PINDELL AVE,3,798,547.878648172525
740,PINDELL AVE,3,799,1095.61796246918
741,PINDELL AVE,3,800,758.608157336556
742,S 13TH ST,2,801,262.93872343534
743,S 13TH ST,2,802,257.737737520501
744,S 12TH ST,2,803,1504.01061426581
745,S 13TH ST,2,804,401.422249999868
746,S 12TH ST,2,805,476.0896783114
747,12TH STREET CONNECTOR,2,806,464.309472550827
748,S 13TH ST,2,807,284.988355084105
749,12TH STREET CONNECTOR,2,808,485.761042219253
750,S 13TH ST,2,809,225.735620790226
751,S 12TH ST,2,810,482.709781895459
752,S 13TH ST,2,811,218.690552474193
753,S 13TH ST,2,812,401.088318231767
754,S 13TH ST,2,813,255.741302838268
755,12TH STREET CONNECTOR,2,814,246.922875152219
756,W KENTUCKY ST,2,815,526.543164039812
757,W KENTUCKY ST,2,816,505.430113989426
758,W KENTUCKY ST,2,817,888.959201751817
759,S 7TH ST,4,818,256.504514610485
760,N 7TH ST,4,819,293.012613453938
761,S 7TH ST,4,820,254.509657522772
762,S 7TH ST,4,821,265.810300529911
763,S 7TH ST,4,822,244.98414517506
764,N 7TH ST,4,823,241.729610895012
765,EVERETT AVE,3,824,819.287143782521
766,EVERETT AVE,3,825,317.63856870348
767,EVERETT AVE,3,826,871.885405223548
768,EVERETT AVE,3,827,547.811674012326
769,EVERETT AVE,3,828,431.940505646483
770,EVERETT AVE,3,829,659.733558186502
771,BONNYCASTLE AVE,3,830,859.326531460599
772,BONNYCASTLE AVE,3,831,246.299004125154
773,SHADY LN,3,832,739.182116122401
774,BONNYCASTLE AVE,3,833,341.741889185735
775,BONNYCASTLE AVE,3,834,36.3049123952476
776,BONNYCASTLE AVE,3,835,547.016675795911
777,BONNYCASTLE AVE,3,836,274.191105752272
778,SHADY LN,3,837,544.526092348816
779,BONNYCASTLE AVE,3,838,682.131944249052
780,BONNYCASTLE AVE,3,839,485.462113008154
781,BONNYCASTLE AVE,3,840,245.661228836785
782,FERNWOOD AVE,3,841,189.855935191475
783,FERNWOOD AVE,3,842,108.681078623506
784,FERNWOOD AVE,3,843,236.203696224235
785,ROSEDALE AVE,3,844,413.292290403875
786,FERNWOOD AVE,3,845,335.18312417201
787,FERNWOOD AVE,3,846,442.238289054038
788,FERNWOOD AVE,3,847,44.1918337925313
789,FERNWOOD AVE,3,848,244.509712715923
790,FERNWOOD AVE,3,849,215.969384504761
791,FERNWOOD AVE,3,850,224.411188259741
792,FERNWOOD AVE,3,851,261.515635403949
793,FERNWOOD AVE,3,852,136.7130808631
794,ROANOKE AVE,3,853,425.362321880586
795,PRINCETON DR,3,854,834.852754721721
796,BOULEVARD NAPOLEON,3,855,375.811798060611
797,BOULEVARD NAPOLEON,3,856,375.3160126383
798,BOULEVARD NAPOLEON,3,857,373.637438709457
799,DUKER AVE,3,858,967.054149286105
800,BONNYCASTLE AVE,3,859,738.936985835971
801,W ORMSBY AVE,3,860,720.167477204428
802,W ORMSBY AVE,3,861,701.043117736922
803,N 4TH ST,4,862,758.848861987347
804,TAYLOR AVE,3,863,435.40842618194
805,TAYLOR AVE,3,864,436.695674544128
806,TAYLOR AVE,3,865,272.69703861145
807,TAYLOR AVE,3,866,831.027110210151
808,TAYLOR AVE,3,867,424.476889079348
809,TAYLOR AVE,3,868,537.931152694969
810,TAYLOR AVE,3,869,457.434313105409
811,TAYLOR AVE,3,870,437.554466909775
812,TAYLOR AVE,3,871,315.521385779889
813,W KENTUCKY ST,3,872,690.474890077168
814,W KENTUCKY ST,3,873,807.606355886598
815,W KENTUCKY ST,3,874,600.044434374326
816,W KENTUCKY ST,3,875,506.716840536558
817,W KENTUCKY ST,3,876,479.365048755082
818,GREENWOOD AVE,3,877,600.195527167329
819,GREENWOOD AVE,3,878,690.334008602298
820,GREENWOOD AVE,3,879,748.320802455932
821,GREENWOOD AVE,3,880,480.188217865842
822,GREENWOOD AVE,3,881,488.611997235359
823,W MAGNOLIA AVE,3,882,418.147278308136
824,W MAGNOLIA AVE,3,883,410.980157158266
825,S 11TH ST,3,884,441.146195038368
826,W MAGNOLIA AVE,3,885,614.226631800725
827,S 11TH ST,3,886,462.631497617013
828,W MAGNOLIA AVE,3,887,478.826270113662
829,W MAGNOLIA AVE,3,888,402.799430221272
830,S 11TH ST,3,889,419.420643585187
831,W ORMSBY AVE,3,890,760.375068642014
832,W JEFFERSON ST,2,891,215.790399076661
833,W JEFFERSON ST,2,892,218.858230341172
834,W JEFFERSON ST,2,893,380.782509931553
835,W JEFFERSON ST,2,894,154.695684761092
836,W JEFFERSON ST,2,895,949.568923525843
837,W JEFFERSON ST,2,896,478.623389282567
838,W JEFFERSON ST,2,897,480.577999929286
839,W JEFFERSON ST,2,898,480.884802031084
840,W JEFFERSON ST,2,899,321.855560985795
841,W JEFFERSON ST,2,900,480.717492941552
842,W JEFFERSON ST,2,901,485.870493238353
843,W JEFFERSON ST,2,902,629.503359280833
844,W JEFFERSON ST,2,903,264.061521450068
845,W JEFFERSON ST,2,904,162.503305927501
846,W JEFFERSON ST,2,905,677.504249362286
847,E BURNETT AVE,2,906,589.410411052118
848,E HILL ST,2,907,818.158812166875
849,E HILL ST,2,908,480.620500643544
850,E HILL ST,2,909,597.825357045097
851,W KENTUCKY ST,3,910,549.449772468934
852,W KENTUCKY ST,3,911,304.051734780985
853,W KENTUCKY ST,3,912,230.612536650711
854,W KENTUCKY ST,3,913,276.66642851803
855,PRENTICE ST,3,914,339.047141311307
856,PRENTICE ST,3,915,227.210384809396
857,S 17TH ST,3,917,365.594091473851
858,S 26TH ST,4,918,276.472973620716
859,S 26TH ST,4,919,67.7741721285042
860,DUNCAN ST,3,920,322.42552195295
861,DUNCAN ST,3,921,187.272341922057
862,DUNCAN ST,3,922,438.814928699257
863,DUNCAN ST,3,923,394.730486087274
864,DUNCAN ST,3,924,272.030919485735
865,DUNCAN ST,3,925,290.732091823984
866,DUNCAN ST,3,926,351.539227390402
867,DUNCAN ST,3,927,529.331867559084
868,DUNCAN ST,3,928,382.819829592537
869,DUNCAN ST,3,929,415.51232474638
870,DUNCAN ST,3,930,328.639514086694
871,DUNCAN ST,3,931,380.187645588226
872,DUNCAN ST,3,932,318.255535170448
873,DUNCAN ST,3,933,259.941196719138
874,DUNCAN ST,3,934,306.875445737535
875,DUNCAN ST,3,935,250.585216959013
876,DUNCAN ST,3,936,307.274627843532
877,W ORMSBY AVE,3,937,188.837592646611
878,W ORMSBY AVE,3,938,555.649260416929
879,W ORMSBY AVE,3,939,291.099145556156
880,W ORMSBY AVE,3,940,257.116090619377
881,W ORMSBY AVE,3,941,223.089311676655
882,W ORMSBY AVE,3,942,480.218375761045
883,W ORMSBY AVE,3,943,912.234105495362
884,W ORMSBY AVE,3,944,1061.62236403217
885,W ORMSBY AVE,3,945,559.891606751665
886,MULBERRY ST,3,946,703.831983991906
887,MULBERRY ST,3,947,561.735320220933
888,MULBERRY ST,3,948,663.881179556866
889,E WASHINGTON ST,3,949,538.539152209465
890,E WASHINGTON ST,3,950,473.647338876853
891,E WASHINGTON ST,3,951,586.168026541203
892,E WASHINGTON ST,3,952,672.212692838495
893,E WASHINGTON ST,3,953,384.4365831968
894,E WASHINGTON ST,3,954,584.391022271993
895,E WASHINGTON ST,3,955,530.534773654122
896,E WASHINGTON ST,3,956,584.863220154794
897,PAYNE ST,3,957,634.169647365822
898,PAYNE ST,3,958,566.640956963818
899,PAYNE ST,3,959,561.965384620434
900,PAYNE ST,3,960,1136.83304334552
901,PAYNE ST,3,961,594.67959463878
902,PAYNE ST,3,962,345.056700682204
903,PAYNE ST,3,963,218.953083230726
904,RUBEL AVE,3,964,343.28490367118
905,RUBEL AVE,3,965,276.551623933882
906,ST ANTHONY PL,3,966,314.210071825147
907,ST ANTHONY PL,3,967,284.437967973874
908,EDWARD ST,3,968,283.108492571032
909,EDWARD ST,3,969,300.581036876605
910,EDWARD ST,3,970,368.047774095804
911,EDWARD ST,3,971,282.491481432057
912,EDWARD ST,3,972,403.516851891439
913,EDWARD ST,3,973,413.560887781082
914,RUFER AVE,3,974,564.02521083733
915,RUFER AVE,3,975,279.800898378499
916,RUFER AVE,3,976,79.2755240914414
917,JULIA AVE,3,977,457.021824072171
918,JULIA AVE,3,978,384.155959146505
919,S SHELBY ST,3,979,95.4702608971474
920,S SHELBY ST,3,980,186.769106328738
921,S SHELBY ST,3,981,275.622443232848
922,S SHELBY ST,4,982,86.9727358132888
923,MERIWETHER AVE,3,983,407.40337707786
924,MERIWETHER AVE,3,984,414.413824422702
925,MERIWETHER AVE,3,985,698.195700723602
926,MERIWETHER AVE,3,986,708.121583734146
927,HIGHLAND AVE,3,987,486.221362967241
928,HIGHLAND AVE,3,988,256.803736492416
929,HIGHLAND AVE,3,989,226.98180769009
930,HIGHLAND AVE,3,990,573.789376608157
931,HIGHLAND AVE,3,991,236.084920001892
932,HIGHLAND AVE,3,992,243.346433186815
933,HIGHLAND AVE,3,993,565.2645745464
934,HIGHLAND AVE,3,994,278.538328945207
935,HIGHLAND AVE,3,995,276.485123597747
936,HIGHLAND AVE,3,996,1184.67611701063
937,SCHILLER AVE,3,997,169.513463982254
938,FERNWOOD AVE,3,998,50.4652300513181
939,FERNWOOD AVE,3,999,176.704029061185
940,FERNWOOD AVE,3,1000,156.328034952691
941,AMY AVE,3,1001,398.839794955733
942,AMY AVE,3,1002,418.859203779803
943,AMY AVE,3,1003,403.641715878182
944,HERMAN ST,3,1004,387.247466843451
945,S 38TH ST,3,1005,366.048761018672
946,N 38TH ST,3,1006,663.069651903332
947,N 38TH ST,3,1007,54.576011398125
948,S 38TH ST,3,1008,649.777075200267
949,S 38TH ST,3,1009,369.606714963156
950,S 19TH ST,3,1010,46.9002326907479
951,S FLOYD ST,2,1011,1474.73354529531
952,LOUISVILLE LOOP,5,1012,271.407855368193
953,LOUISVILLE LOOP,5,1013,3577.92039648318
954,LOUISVILLE LOOP,5,1014,7321.11447573634
955,LOUISVILLE LOOP,5,1015,2134.21287540757
956,LOUISVILLE LOOP,5,1016,2885.56077146834
957,LOUISVILLE LOOP,5,1017,1642.33610232353
958,LOUISVILLE LOOP,5,1018,2822.60777044811
959,LOUISVILLE LOOP,5,1019,1733.77665129635
960,LOUISVILLE LOOP,5,1020,35392.9352954021
961,LOUISVILLE LOOP,5,1021,3546.92947378533
962,LOUISVILLE LOOP,5,1022,9817.47025511002
963,LOUISVILLE LOOP,5,1023,14037.1320617424
964,LOUISVILLE LOOP,5,1024,5458.12565492515
965,LOUISVILLE LOOP,5,1025,7081.34593956296
966,LOUISVILLE LOOP,5,1026,11631.4122566804
967,LOUISVILLE LOOP,5,1027,435.077070422588
968,LOUISVILLE LOOP,5,1028,9871.79157026941
969,LOUISVILLE LOOP,5,1029,1021.95135503945
970,LOUISVILLE LOOP,5,1030,8634.32178342804
971,LOUISVILLE LOOP,5,1031,63872.5466472145
972,LOUISVILLE LOOP,5,1032,29022.673975088
973,S 32ND ST,3,1033,520.258693786729
974,S 32ND ST,3,1034,227.799337822981
975,S 32ND ST,3,1035,306.039895950952
976,DEL PARK TER,3,1036,791.259740765273
977,DIXIE HWY,3,1037,131.962791310907
978,S 32ND ST,3,1038,490.262373824872
979,S 30TH ST,3,1039,402.611727589502
980,DIXIE HWY,4,1040,112.142054205761
981,S 32ND ST,3,1041,490.531514896542
982,S 32ND ST,3,1042,478.97072218699
983,S 32ND ST,3,1043,266.471929768847
984,S 30TH ST,3,1044,480.043900341658
985,MAGAZINE ST,3,1045,479.237983153993
986,S 32ND ST,3,1046,249.635291349775
987,S 32ND ST,3,1047,520.258647525629
988,S 32ND ST,3,1048,1548.85163566892
989,S 32ND ST,3,1049,597.448702517774
990,S 32ND ST,3,1050,491.045702747467
991,S 32ND ST,3,1051,491.111937295117
992,S 32ND ST,3,1052,770.58619274084
993,S 35TH ST,3,1053,383.984855232247
994,S 32ND ST,3,1054,488.608391867405
995,DR WILLIAM G WEATHERS DR,3,1055,601.854628216202
996,DR WILLIAM G WEATHERS DR,3,1056,144.946090279357
997,DR WILLIAM G WEATHERS DR,3,1057,239.37411097385
998,S 32ND ST,3,1058,492.907011983947
999,S 35TH ST,3,1059,284.531604974516
1000,S 35TH ST,3,1060,302.158111176697
1001,S 35TH ST,3,1061,88.4651089113257
1002,S 35TH ST,3,1062,328.170914375794
1003,S 35TH ST,3,1063,69.0183934711192
1004,S 32ND ST,3,1064,770.343744597707
1005,DR WILLIAM G WEATHERS DR,3,1065,343.000975975879
1006,S 35TH ST,3,1066,114.790462952022
1007,DR WILLIAM G WEATHERS DR,3,1067,297.715038002548
1008,S 35TH ST,3,1068,164.112733278953
1009,S 35TH ST,3,1069,263.685629066945
1010,DR WILLIAM G WEATHERS DR,3,1070,181.33927080504
1011,S 23RD ST,3,1071,332.752080184635
1012,S 23RD ST,3,1072,334.85814972936
1013,S 23RD ST,3,1073,796.752591224292
1014,S 23RD ST,3,1074,302.585525920648
1015,S 23RD ST,3,1075,335.361882335282
1016,S 23RD ST,3,1076,334.96843218493
1017,S 23RD ST,3,1077,341.671637859286
1018,S 23RD ST,3,1078,439.509967505049
1019,S 25TH ST,3,1079,121.808848326459
1020,STANDARD AVE,3,1080,261.514439625521
1021,STANDARD AVE,3,1081,142.818470041288
1022,WOODLAND AVE,3,1082,553.541320797602
1023,S 25TH ST,3,1083,379.609964999873
1024,STANDARD AVE,3,1084,148.361031704291
1025,DIXIE HWY,4,1085,125.289119660512
1026,E BRANDEIS AVE,4,1086,433.264092390482
1027,ADAMS ST,4,1087,46.784543322526
1028,ADAMS ST,4,1088,192.817685456122
1029,ADAMS ST,4,1089,190.738821433221
1030,ADAMS ST,4,1090,162.324562056919
1031,BARRET AVE,5,1091,94.6586680493102
1032,CASTLEWOOD AVE,1,1092,564.651409835004
1033,BARRET AVE,5,1093,502.78132876456
1034,CASTLEWOOD AVE,1,1094,654.320358706862
1035,BARRET AVE,5,1095,842.570037132181
1036,BARRET AVE,5,1096,174.131851992991
1037,STILZ AVE,2,1097,571.215825851308
1038,E WITHERSPOON ST,5,1098,3413.05614419059
1039,ADAMS ST,4,1099,118.410101301266
1040,ADAMS ST,2,1100,502.951111949899
1041,ADAMS ST,2,1101,921.649320516665
1042,ADAMS ST,2,1102,1440.69235810787
1043,LEXINGTON RD,4,1103,920.008775195973
1044,LEXINGTON RD,2,1104,188.752809537744
1045,LEXINGTON RD,2,1105,669.812459074318
1046,LEXINGTON RD,2,1106,4590.5643925108
1047,WILTSHIRE AVE,4,1107,398.944680567184
1048,WILLIS AVE,4,1108,312.420020792847
1049,WILTSHIRE AVE,4,1109,403.212205130096
1050,ADAMS ST,4,1110,415.474205875486
1051,VETERANS PARK,5,1111,596.890418657472
1052,VETERANS PARK,5,1112,707.905552106269
1053,VETERANS PARK,5,1113,1571.72506263368
1054,CHENOWETH RUN,5,1114,914.172340220673
1055,SKYVIEW PARK,5,1115,3524.76822244103
1056,GRASSLAND DR,5,1116,2307.11465976708
1057,S 12TH ST,2,1117,419.695650188533
1058,S 12TH ST,2,1118,391.782641328074
1059,S 12TH ST,2,1119,383.459735173822
1060,S 12TH ST,2,1120,471.574412807242
1061,S 12TH ST,2,1121,444.954191491912
1062,S 12TH ST,2,1122,413.005185346986
1063,S 12TH ST,2,1123,420.588005362689
1064,S 12TH ST,2,1124,419.044858924355
1065,S 12TH ST,2,1125,440.019674345373
1066,RUNDILL RD,5,1126,1493.36603096972
1067,RUNDILL RD,5,1127,143.671524263526
1068,RUNDILL RD,5,1128,1310.98926289647
1069,RUNDILL RD,5,1129,1624.69230705019
1070,RUNDILL RD,5,1130,5109.93623024791
1071,RUNDILL RD,5,1131,2147.86287804852
1072,RUNDILL RD,5,1132,1355.90705673437
1073,S 6TH ST,2,1133,928.079430454486
1074,GRINSTEAD DR,4,1134,364.7968359203
1075,LOUISVILLE LOOP,5,1135,6177.89288779659
1076,SCENIC LOOP,5,1136,2110.80903624684
1077,SCENIC LOOP,5,1137,1996.41084715091
1078,CHEROKEE PARK,5,1138,2524.61535618229
1079,CHEROKEE PARK,5,1139,1117.42179656412
1080,BROAD RUN,5,1142,1593.47396276549
1081,BROAD RUN,5,1143,536.087424037746
1082,BROAD RUN,5,1144,528.158699265132
1083,BROAD RUN,5,1145,485.691851477174
1084,BROAD RUN,5,1146,446.015753927029
1085,BROAD RUN,5,1147,4453.85278526994
1086,BROAD RUN,5,1148,95.1520637271465
1087,BROAD RUN,5,1149,270.336251843043
1088,BECKLEY CREEK PARK,5,1150,1545.62804312619
1089,BECKLEY CREEK PARK,5,1151,818.443316016425
1090,BECKLEY CREEK PARK,5,1152,113.171664946376
1091,BECKLEY CREEK PARK,5,1153,3610.49709981542
1092,LOUISVILLE LOOP,5,1154,8926.94242816481
1093,BECKLEY CREEK PARK,5,1155,111.844770133516
1094,BECKLEY CREEK PARK,5,1156,109.27014717618
1095,BECKLEY CREEK PARK,5,1157,347.292282321413
1096,BECKLEY CREEK PARK,5,1158,199.149992078918
1097,BECKLEY CREEK PARK,5,1159,103.447333286286
1098,BECKLEY CREEK PARK,5,1160,1049.67698789295
1099,BECKLEY CREEK PARK,5,1161,98.5979887199442
1100,LOUISVILLE LOOP,5,1162,1590.24394003968
1101,BECKLEY CREEK PARK,5,1163,5890.23656216913
1102,BECKLEY CREEK PARK,5,1164,1107.71925034811
1103,BECKLEY CREEK PARK,5,1165,2183.44140285371
1104,BECKLEY CREEK PARK,5,1166,237.78489423689
1105,BECKLEY CREEK PARK,5,1167,641.654604515037
1106,BECKLEY CREEK PARK,5,1168,588.228029003884
1107,BECKLEY CREEK PARK,5,1169,1032.53797123173
1108,BECKLEY CREEK PARK,5,1170,225.363567695519
1109,BECKLEY CREEK PARK,5,1171,823.790253863939
1110,BECKLEY CREEK PARK,5,1172,2774.34382733052
1111,SENECA PARK,5,1173,3667.46963972303
1112,SENECA PARK,5,1174,710.841763510252
1113,SENECA PARK,5,1175,165.322946352886
1114,BOWMAN FIELD,5,1176,6025.51708511126
1115,SHAWNEE PARK,5,1177,701.595591942545
1116,SHAWNEE PARK,5,1178,90.9449117105131
1117,S 13TH ST,4,1179,255.826794180361
1118,S 13TH ST,4,1180,255.393474561181
1119,W MARKET ST,4,1181,212.043360932228
1120,W MARKET ST,4,1182,198.264913991011
1121,W MARKET ST,4,1183,380.743607941451
1122,W MARKET ST,4,1184,129.25777323061
1123,W MARKET ST,4,1185,287.44726165752
1124,W MARKET ST,4,1186,311.077622547227
1125,W MARKET ST,4,1187,482.279571415271
1126,W MARKET ST,4,1188,415.250495065682
1127,W MARKET ST,4,1189,1023.50062044247
1128,W MARKET ST,4,1190,428.679731032727
1129,W MARKET ST,4,1191,352.351687808109
1130,W MARKET ST,4,1192,648.717581375521
1131,W MARKET ST,4,1193,97.301674783486
1132,W MARKET ST,4,1194,792.816469567028
1133,W MARKET ST,4,1195,311.351829537452
1134,W MARKET ST,4,1196,365.683831928759
1135,W MARKET ST,4,1197,292.728320588245
1136,W MARKET ST,4,1198,203.576181083948
1137,W MARKET ST,4,1199,379.250375259928
1138,W MARKET ST,4,1200,276.888177103025
1139,W MARKET ST,4,1201,187.52198216105
1140,W MARKET ST,4,1202,479.923906491519
1141,W MARKET ST,4,1203,459.006609543909
1142,W MARKET ST,4,1204,483.048803011023
1143,W MARKET ST,4,1205,480.139948505294
1144,W MARKET ST,4,1206,474.814364073003
1145,W MARKET ST,4,1207,479.657448386166
1146,W MARKET ST,4,1208,480.257265076413
1147,S SPRING ST,4,1209,409.046572060391
1148,N SPRING ST,2,1210,411.973236222979
1149,S SPRING ST,4,1211,406.12986260803
1150,S SPRING ST,4,1212,96.445395323575
1151,CANE RUN RD,4,1213,353.862762064472
1152,W JEFFERSON ST,4,1214,479.275352751226
1153,W JEFFERSON ST,4,1215,479.759601229585
1154,W JEFFERSON ST,4,1216,455.082707431886
1155,W JEFFERSON ST,4,1217,476.363700921312
1156,W JEFFERSON ST,4,1218,480.582134611033
1157,W JEFFERSON ST,4,1219,478.263859916933
1158,COLORADO AVE,3,1220,35.615692151038
1159,WOODFIELD RD,3,1221,347.752957509562
1160,WOODFIELD RD,3,1222,1024.60383718813
1161,WESLEY AVE,3,1223,328.058244033444
1162,BLOWING TREE RD,3,1224,910.232628271238
1163,HURSTBOURNE LN,3,1225,967.653832459766
1164,BRISTOL AVE,3,1226,320.271883303827
1165,BLOWING TREE RD,3,1227,733.380110151241
1166,S 15TH ST,2,1228,1542.93325315582
1167,S 15TH ST,2,1229,439.027585878083
1168,S 7TH ST,2,1230,638.781104879385
1169,W BROADWAY,2,1231,122.464873436762
1170,ALGONQUIN PKY,2,1232,1273.74844650895
1171,W BROADWAY,2,1234,69.243162938533
1172,S JACKSON ST,2,1235,248.430585830653
1173,E MARKET ST,2,1236,583.648398621464
1174,E MARKET ST,2,1237,421.861297458196
1175,W BROADWAY,2,1238,224.160534621835
1176,S 7TH ST,2,1239,804.246111767741
1177,ALGONQUIN PKY,2,1240,2803.49509215143
1178,S 15TH ST,2,1241,1542.93325315582
1179,E MARKET ST,2,1242,588.851335473222
1180,CHAMBERLAIN LN,2,1243,403.700432294036
1181,S 7TH ST,2,1244,169.263267052457
1182,E MARKET ST,2,1245,585.426254886336
1183,S 7TH ST,2,1246,310.021878358933
1184,E MARKET ST,2,1247,583.755205092028
1185,E MARKET ST,2,1248,583.311070273628
1186,S 15TH ST,2,1249,439.027585878083
1187,ALGONQUIN PKY,2,1250,340.009649368504
1188,E MARKET ST,2,1251,584.328020916414
1189,S 23RD ST,3,1252,345.175133601665
1190,S 23RD ST,3,1253,345.326612625905
1191,S 23RD ST,3,1254,368.748583082138
1192,S 23RD ST,3,1255,345.175133601665
1193,BANK ST,4,1256,102.266063578778
1194,W JEFFERSON ST,3,1257,218.858230341172
1195,HUMLER ST,3,1258,495.722342857203
1196,S 24TH ST,3,1259,364.662008729257
1197,S 24TH ST,3,1260,402.274598918611
1198,S 24TH ST,3,1261,200.759718651366
1199,S 24TH ST,3,1262,245.501783056677
1200,MAPLE ST,3,1263,243.156327486744
1201,S 24TH ST,3,1264,241.536860732708
1202,S 24TH ST,3,1265,230.801419614739
1203,S 24TH ST,3,1266,359.698727629776
1204,HUMLER ST,3,1267,89.0557505122627
1205,S 24TH ST,3,1268,200.618805014564
1206,S 24TH ST,3,1269,251.052007136817
1207,S 24TH ST,3,1270,249.152848907035
1208,S 25TH ST,3,1271,195.044239789301
1209,S 25TH ST,3,1272,344.69476380758
1210,S 24TH ST,3,1273,409.062451964487
1211,N 25TH ST,3,1274,254.895817108559
1212,S 24TH ST,3,1275,251.807498441108
1213,HUMLER ST,3,1276,573.722630295641
1214,S 25TH ST,3,1277,249.978774342768
1215,S 24TH ST,3,1278,249.473615982777
1216,S 25TH ST,3,1279,233.332022259082
1217,N 25TH ST,3,1280,239.285739205868
1218,N 24TH ST,3,1281,357.345085810169
1219,N 25TH ST,3,1282,220.771442580477
1220,N 25TH ST,3,1283,220.051043742998
1221,N 24TH ST,3,1284,251.595301729175
1222,N 25TH ST,3,1285,236.223436161496
1223,N 25TH ST,3,1286,217.603541715385
1224,N 25TH ST,3,1287,247.997579727995
1225,N 24TH ST,3,1288,343.36724275781
1226,N 25TH ST,3,1289,232.063737321753
1227,N 25TH ST,3,1290,220.370107795282
1228,N 25TH ST,3,1291,221.043084115129
1229,N 24TH ST,3,1292,252.727965550416
1230,N 24TH ST,3,1293,244.178889484355
1231,N 25TH ST,3,1294,240.720805727765
1232,N 25TH ST,3,1295,243.940664472912
1233,N 24TH ST,3,1296,244.063774630918
1234,N 25TH ST,3,1297,239.842337203042
1235,PORTLAND AVE,3,1298,56.0328171190818
1236,MAGAZINE ST,3,1299,254.32997104073
1237,S 19TH ST,3,1300,254.36329899581
1238,S 19TH ST,3,1301,250.439715210254
1239,S 19TH ST,3,1302,295.685429345488
1240,S 19TH ST,3,1303,240.388441983304
1241,N 19TH ST,3,1304,239.653694174788
1242,S 19TH ST,3,1305,255.159580926761
1243,S 19TH ST,3,1306,46.9002326907479
1244,N 19TH ST,3,1307,311.392281438252
1245,N 19TH ST,3,1308,247.838061665716
1246,N 19TH ST,3,1309,240.484582709201
1247,S 19TH ST,3,1310,158.426571488368
1248,S 19TH ST,3,1311,255.723473703594
1249,S 19TH ST,3,1312,203.057678993282
1250,N 19TH ST,3,1313,283.80764411939
1251,S 19TH ST,3,1314,240.782905080558
1252,S 19TH ST,3,1315,240.407382726318
1253,N 19TH ST,3,1316,226.113930674344
1254,S 19TH ST,3,1317,95.0234743618824
1255,S 19TH ST,3,1318,143.871918637409
1256,N 19TH ST,3,1319,195.555587896544
1257,N 19TH ST,3,1320,237.243681367555
1258,S 19TH ST,3,1321,196.655384602078
1259,S 19TH ST,3,1322,404.327154853353
1260,S 19TH ST,3,1323,255.638043443637
1261,N 19TH ST,3,1324,241.089666436991
1262,S 19TH ST,3,1325,256.00661438889
1263,N 19TH ST,3,1326,254.663179661104
1264,BANK ST,3,1327,128.216486975084
1265,N 19TH ST,3,1328,241.089666436991
1266,ROWAN ST,3,1329,159.863029563715
1267,ROWAN ST,3,1330,483.459324244164
1268,ROWAN ST,3,1331,98.2740503547066
1269,ROWAN ST,3,1332,381.449580386098
1270,ROWAN ST,3,1333,479.051378748128
1271,ROWAN ST,3,1334,320.541599048457
1272,ROWAN ST,3,1335,1064.32367271041
1273,ROWAN ST,3,1336,480.181694179212
1274,ROWAN ST,3,1337,488.275700613368
1275,ROWAN ST,3,1338,474.86040363593
1276,ROWAN ST,3,1339,478.242855350917
1277,ROWAN ST,3,1340,685.384004516518
1278,ROWAN ST,3,1341,480.095056444483
1279,ROWAN ST,3,1342,473.517565962527
1280,ROWAN ST,3,1343,480.351952805006
1281,ROWAN ST,3,1344,482.151873398198
1282,S 23RD ST,3,1345,344.391633317258
1283,S 23RD ST,3,1346,332.752080184635
1284,S 23RD ST,3,1347,358.775700520497
1285,S 23RD ST,3,1348,334.85814972936
1286,S 23RD ST,3,1349,796.752591224292
1287,S 23RD ST,3,1350,302.585525920648
1288,S 23RD ST,3,1351,335.361882335282
1289,S 23RD ST,3,1352,334.96843218493
1290,S 23RD ST,3,1353,313.790048968511
1291,S 23RD ST,3,1354,275.301646145496
1292,S 23RD ST,3,1355,341.671637859286
1293,S 23RD ST,3,1356,439.509967505049
1294,S 23RD ST,3,1357,344.622073946774
1295,S 23RD ST,3,1358,334.621695901588
1296,DUMESNIL ST,3,1359,64.5058057926118
1297,S 23RD ST,3,1360,414.045209146235
1298,S 23RD ST,3,1361,476.08930942835
1299,S 23RD ST,3,1362,345.795284044576
1300,S 23RD ST,3,1363,350.263709874798
1301,S 23RD ST,3,1364,344.453219634008
1302,S 23RD ST,3,1365,298.032866951916
1303,S 23RD ST,3,1366,175.607531489127
1304,S 23RD ST,3,1367,315.479206764364
1305,S 23RD ST,3,1368,370.385826101179
1306,WATHEN LN,3,1369,223.849752282955
1307,WATHEN LN,3,1370,1591.09745684596
1308,HOMEVIEW DR,3,1371,859.109027207309
1309,S 23RD ST,3,1372,344.16050548408
1310,7TH STREET RD,4,1373,167.656467648234
1311,WATHEN LN,3,1374,316.383651364052
1312,WATHEN LN,3,1375,634.00059854286
1313,HOMEVIEW DR,3,1376,641.503129239287
1314,DIXIE HWY,4,1377,125.289119660512
1315,WATHEN LN,3,1378,790.980273895632
1316,HARDESTY AVE,3,1379,880.143134735519
1317,S 23RD ST,3,1380,199.595569277336
1318,WILSON AVE,4,1381,55.5750519478464
1319,BECKER CT,3,1382,47.6288067738344
1320,S 23RD ST,3,1383,230.608593155298
1321,ILLINOIS AVE,3,1384,862.851471437297
1322,ILLINOIS AVE,3,1385,194.142132027898
1323,AUDUBON PKY,3,1386,396.872183355945
1324,NIGHTINGALE RD,3,1387,972.153247950138
1325,AUDUBON PKY,3,1388,286.873482325451
1326,ILLINOIS AVE,3,1389,423.631138998819
1327,ILLINOIS AVE,3,1390,383.245271121098
1328,NIGHTINGALE RD,3,1391,512.122093725152
1329,ILLINOIS AVE,3,1392,635.381140036394
1330,AUDUBON PKY,3,1393,180.766597022384
1331,ILLINOIS AVE,3,1394,717.014742311112
1332,AUDUBON PKY,3,1395,83.547533593373
1333,ILLINOIS AVE,3,1396,727.210973630323
1334,AUDUBON PKY,3,1397,353.195003277676
1335,ILLINOIS AVE,3,1398,1135.47118202401
1336,ILLINOIS AVE,3,1399,437.560564906299
1337,AUDUBON PKY,3,1400,346.070972389216
1338,AUDUBON PKY,3,1401,410.996722961679
1339,AUDUBON PKY,3,1402,454.619030101123
1340,AUDUBON PKY,3,1403,259.944666044668
1341,AUDUBON PKY,3,1404,410.028157016067
1342,AUDUBON PKY,3,1405,347.158747672099
1343,AUDUBON PKY,3,1406,456.765411000459
1344,AUDUBON PKY,3,1407,481.134981757682
1345,AUDUBON PKY,3,1408,348.767778973554
1346,AUDUBON PKY,3,1409,347.321886387345
1347,AUDUBON PKY,3,1410,351.632463338588
1348,AUDUBON PKY,3,1411,355.471795237615
1349,NORRIS PL,4,1412,289.669912498665
1350,E WASHINGTON ST,3,1413,510.769355303571
1351,GRINSTEAD DR,4,1414,433.027126742729
1352,GRINSTEAD DR,2,1415,197.64136948118
1353,ROSEDALE AVE,3,1416,349.53449606695
1354,ROSEDALE AVE,3,1417,277.687728889656
1355,ROSEDALE AVE,3,1418,372.79129343584
1356,PRINCETON DR,3,1419,592.665028786641
1357,PRINCETON DR,3,1420,463.412242907069
1358,PRINCETON DR,3,1421,375.580189054471
1359,BOULEVARD NAPOLEON,3,1422,555.134123996339
1360,SHADY LN,3,1423,780.139608535607
1361,W MADISON ST,3,1424,478.135020969376
1362,COOPER CHAPEL RD,2,1425,456.434272740783
1363,COOPER CHAPEL RD,2,1426,813.412497197156
1364,COOPER CHAPEL RD,2,1427,1409.56727906883
1365,SMYRNA PKY,2,1428,1181.35944001692
1366,COOPER CHAPEL RD,2,1429,1121.51967531696
1367,COOPER CHAPEL RD,2,1430,1094.38327612281
1368,COOPER CHAPEL RD,2,1431,1638.96431754972
1369,SMYRNA CONNECTOR,2,1432,360.163036469865
1370,COOPER CHAPEL RD,2,1433,447.115207268211
1371,COOPER CHAPEL RD,2,1434,700.47168488741
1372,BROOK STREET CONNECTOR,2,1435,3187.21941990105
1373,UNIVERSITY BLVD,2,1436,584.840732215408
1374,W MUHAMMAD ALI BLVD,2,1437,479.601415968784
1375,S 7TH ST,4,1438,285.315778202528
1376,E MAIN ST,4,1439,586.287554922103
1377,E MAIN ST,2,1440,589.052175007551
1378,E MAIN ST,4,1441,583.728508368161
1379,E MAIN ST,2,1442,584.137339845561
1380,E MAIN ST,2,1443,585.277462296124
1381,ELLISON AVE,3,1445,837.981385778876
1382,HIGHLAND AVE,3,1446,556.502851428574
1383,EDWARD ST,3,1447,506.244371111158
1384,EDWARD ST,3,1448,476.49187080108
1385,E MARKET ST,2,1449,480.681635075459
1386,W MARKET ST,4,1450,502.279562419307
1387,E BARBEE AVE,3,1451,1213.06501630291
1388,N BARBEE WAY,3,1452,74.8665526842255
1389,E MAIN ST,4,1453,583.502011738828
1390,S 15TH ST,2,1454,86.1913878878989
1391,S 15TH ST,2,1455,396.249609448294
1392,S 15TH ST,2,1456,43.3208724123689
1393,S 15TH ST,2,1457,420.256346911532
1394,S 15TH ST,2,1458,389.090115712292
1395,S 15TH ST,2,1459,766.773656219345
1396,S 15TH ST,2,1460,433.077556720395
1397,TAYLORSVILLE RD,2,1461,467.499954051327
1398,TAYLORSVILLE RD,2,1462,449.905226777184
1399,TAYLORSVILLE RD,2,1463,430.300561020839
1400,TAYLORSVILLE RD,2,1464,490.487706124391
1401,TAYLORSVILLE RD,2,1465,532.293508061177
1402,TAYLORSVILLE RD,2,1466,357.545301118158
1403,TAYLORSVILLE RD,4,1467,1055.55980458923
1404,TAYLORSVILLE RD,4,1468,688.37093255313
1405,TAYLORSVILLE RD,2,1469,501.687502572381
1406,CHAMBERLAIN LN,2,1470,1942.19975171281
1407,CAMP GROUND RD,2,1471,1148.12200983234
1408,W HILL ST,4,1472,344.561728081141
1409,W HILL ST,4,1473,1095.34657106985
1410,S 6TH ST,4,1474,263.297630436396
1411,S 8TH ST,2,1475,578.835944941166
1412,S 24TH ST,3,1476,10.3286488225088
1413,E KENTUCKY ST,2,1477,121.32539078404
1414,CAMP GROUND RD,2,1478,1305.50269510603
1415,EASTERN PKY,5,1479,224.494365223391
1416,EASTERN PKY,5,1480,805.122862483328
1417,EASTERN PKY,5,1481,693.546018776175
1418,Bluegrass Pkwy- Bike/Ped Trail,5,1482,8751.14603647531
1419,Gaslight Square- Bike/ Ped Trail,5,1483,2010.42286732566
1420,MERIONETH DR,2,1484,598.541237981073
1421,MERIONETH DR,2,1485,319.88808852656
1422,S FLOYD ST,2,1486,69.5337021386759
1423,S FLOYD ST,2,1487,236.914881045429
1424,S FLOYD ST,2,1488,223.191394623484
1425,S FLOYD ST,2,1489,404.497513921673
1426,S FLOYD ST,2,1490,247.868900494839
1427,S FLOYD ST,2,1491,400.870481183153
1428,S FLOYD ST,2,1492,241.353123009705
1429,S FLOYD ST,2,1493,192.294672177457
1430,S FLOYD ST,2,1494,241.866054773709
1431,S FLOYD ST,2,1495,715.58222196123
1432,S FLOYD ST,2,1496,276.835069065713
1433,S FLOYD ST,4,1497,69.3137333541413
1434,S FLOYD ST,4,1498,236.914881045429
1435,S FLOYD ST,4,1499,223.191394623484
1436,S FLOYD ST,4,1500,404.330193763241
1437,S FLOYD ST,4,1501,247.82844244214
1438,S FLOYD ST,4,1502,400.870481183153
1439,S FLOYD ST,4,1503,241.353123009705
1440,S FLOYD ST,4,1504,192.294672177457
1441,S FLOYD ST,4,1505,241.866054773709
1442,S FLOYD ST,4,1506,715.295097282305
1443,S FLOYD ST,4,1507,276.827734962199
1444,S BROOK ST,2,1508,197.606596345587
1445,S BROOK ST,2,1509,197.478113314185
1446,S BROOK ST,2,1510,420.430138364468
1447,S BROOK ST,2,1511,1010.32220487173
1448,S BROOK ST,2,1512,649.548435608067
1449,S BROOK ST,2,1513,418.64850564966
1450,S BROOK ST,2,1514,527.414053079747
1451,S BROOK ST,2,1515,166.419857989183
1452,S BROOK ST,2,1516,558.477988302595
1453,S BROOK ST,4,1517,197.515002962455
1454,S BROOK ST,4,1518,197.478113314185
1455,S BROOK ST,4,1519,420.430138364468
1456,S BROOK ST,4,1520,1010.32220487173
1457,S BROOK ST,4,1521,650.177899841763
1458,S BROOK ST,4,1522,418.878740792606
1459,S BROOK ST,4,1523,527.022067384282
1460,S BROOK ST,4,1524,166.419857989183
1461,S BROOK ST,4,1525,558.40430645299
1462,S 1ST ST,2,1526,205.839674799467
1463,S 1ST ST,2,1527,653.07691678726
1464,S 1ST ST,2,1528,793.363131061694
1465,S 1ST ST,2,1529,528.629552824486
1466,S 1ST ST,2,1530,560.610718348277
1467,S 1ST ST,2,1531,556.711608715004
1468,S 1ST ST,2,1532,852.099349523573
1469,S 1ST ST,4,1533,205.839674799467
1470,S 1ST ST,4,1534,653.038402624021
1471,S 1ST ST,4,1535,793.543825905189
1472,S 1ST ST,4,1536,528.490714369728
1473,S 1ST ST,4,1537,560.610718348277
1474,S 1ST ST,4,1538,556.801155982573
1475,S 1ST ST,4,1539,851.866520449622
1476,Northwestern Pkwy (Detour),4,1540,6269.03633587984
1477,Bank St. ( Detour),4,1541,5902.12593302819
1478,MET,5,1542,3207.79290129107
1479,Joe Creason Park,5,1543,3561.22734775088
1480,Joe Creason Park,5,1544,975.588518787036
1481,Joe Creason Park,5,1545,180.570361800227
1482,Joe Creason Park,5,1546,73.1663879498276
1483,Wyandotte Park,5,1547,1346.30120950435
1484,Wyandotte Park,5,1548,1477.19037988613
1485,Wyandotte Park,5,1549,626.538077142553
1486,Wyandotte Park,5,1550,381.80835613913
1487,Wyandotte Park,5,1551,311.350478687394
1488,Wyandotte Park,5,1552,91.6584237834252
1489,Iroquois Park - Uppill Road,5,1553,6251.24875919148
1490,Iroquois Park- Toppill Road,5,1554,7156.32418948547
1491,OLMSTED DR,2,1555,1093.42589845099
1492,RUNDILL RD,5,1556,4247.48982473363
1493,WINKLER AVE,2,1557,433.271802375185
1494,WINKLER AVE,2,1558,209.677049188461
1495,WINKLER AVE,2,1559,478.866397435143
1496,WINKLER AVE,2,1560,481.495900869619
1497,WINKLER AVE,2,1561,269.716812804727
1498,SOUTHERN PKY,2,1562,412.206975425739
1499,SOUTHERN PKY,2,1563,319.293801134845
1500,SOUTHERN PKY,2,1564,829.100156510577
1501,SOUTHERN PKY,2,1565,512.127984167531
1502,SOUTHERN PKY,2,1566,756.956060527466
1503,SOUTHERN PKY,2,1567,693.703372699868
1504,SOUTHERN PKY,2,1568,509.215486552882
1505,SOUTHERN PKY,2,1569,1472.83769978846
1506,SOUTHERN PKY,2,1570,511.009065671522
1507,SOUTHERN PKY,2,1571,885.008656781379
1508,SOUTHERN PKY,2,1572,506.728544695872
1509,COLORADO AVE,3,1573,359.639733022218
1510,COLORADO AVE,3,1574,339.530441967115
1511,COLORADO AVE,3,1575,353.036714510656
1512,COLORADO AVE,3,1576,360.347652608839
1513,COLORADO AVE,3,1577,139.714199754534
1514,COLORADO AVE,3,1578,147.933504166868
1515,COLORADO AVE,3,1579,312.065838178187
1516,COLORADO AVE,3,1580,331.407473430457
1517,COLORADO AVE,3,1581,359.178177812735
1518,COLORADO AVE,3,1582,228.686700081404
1519,COLORADO AVE,3,1583,319.036909053364
1520,COLORADO AVE,3,1584,310.660423165396
1521,COLORADO AVE,3,1585,76.7940686884617
1522,COLORADO AVE,3,1586,318.246763391944
1523,COLORADO AVE,3,1587,318.683092558069
1524,COLORADO AVE,3,1589,481.784036972874
1525,COLORADO AVE,3,1590,438.615036122571
1526,COLORADO AVE,3,1591,382.889594251429
1527,COLORADO AVE,3,1592,829.501258991583
1528,N WHITTINGTON PKY,2,1593,1334.48955448035
1529,N WHITTINGTON PKY,2,1594,1649.66586004552
1530,PORTER PL,2,1595,630.654671003002
1531,N WHITTINGTON PKY,2,1596,865.605713991904
1532,WEAKLEY WAY,2,1597,595.060249781763
1533,N WHITTINGTON PKY,2,1598,1724.42502226014
1534,MET,5,1599,3786.82409793611
1535,MET,5,1600,3235.59500919802
1536,CRITTENDEN DR,4,1601,4107.62668735965
1537,S FLOYD ST,2,1602,524.152897828913
1538,SOUTHERN PKY,4,1603,300.22712626639
1539,SOUTHERN PKY,4,1604,512.127984167531
1540,SOUTHERN PKY,4,1605,312.285102788246
1541,SOUTHERN PKY,4,1606,412.206975425739
1542,SOUTHERN PKY,4,1607,693.703372699868
1543,SOUTHERN PKY,4,1608,319.293801134845
1544,SOUTHERN PKY,4,1609,340.600877888941
1545,SOUTHERN PKY,4,1610,573.249897498068
1546,SOUTHERN PKY,4,1611,512.914828568662
1547,SOUTHERN PKY,4,1612,509.215486552882
1548,SOUTHERN PKY,4,1613,756.956060527466
1549,SOUTHERN PKY,4,1614,1472.83769978846
1550,SOUTHERN PKY,4,1615,319.090880583745
1551,SOUTHERN PKY,4,1616,339.4517530789
1552,SOUTHERN PKY,4,1617,343.182811279204
1553,SOUTHERN PKY,4,1618,511.009065671522
1554,SOUTHERN PKY,4,1619,885.008656781379
1555,SOUTHERN PKY,4,1620,271.943641355681
1556,SOUTHERN PKY,4,1621,506.728544695872
1557,SOUTHERN PKY,4,1622,556.605551621804
1558,SOUTHERN PKY,4,1623,366.795925875823
1559,SOUTHERN PKY,4,1624,1015.77116269684
1560,SOUTHERN PKY,4,1625,1107.54489477654
1561,Jim King Trail,5,1626,4437.39764051237
1562,TAYLORSVILLE RD,2,1627,342.302704202584
1563,TAYLORSVILLE RD,2,1628,239.431646059631
1564,WHIPPS MILL RD,2,1629,376.018480239586
1565,WHIPPS MILL RD,2,1630,353.731183043529
1566,WHIPPS MILL RD,2,1631,562.98440757595
1567,WHIPPS MILL RD,2,1632,581.86676584673
1568,East End Bridge,5,1633,6321.25966727965
1569,LEXINGTON RD,2,1634,283.01792116377
1570,LEXINGTON RD,2,1635,276.667387495188
1571,LEXINGTON RD,2,1636,870.496741712128
1572,LEXINGTON RD,2,1637,330.810676006686
1573,LEXINGTON RD,2,1638,374.280802767593
1574,LEXINGTON RD,2,1639,380.417714453608
1575,LEXINGTON RD,2,1640,418.727358735254
1576,LEXINGTON RD,2,1641,234.935494267224
1577,LEXINGTON RD,2,1642,322.018800928905
1578,LEXINGTON RD,2,1643,313.200113969348
1579,LEXINGTON RD,2,1644,429.668724247468
1580,LEXINGTON RD,2,1645,1076.43230002959
1581,LEXINGTON RD,2,1646,430.289084765211
1582,LEXINGTON RD,2,1647,331.896812851376
1583,LEXINGTON RD,2,1648,255.183710022837
1584,LEXINGTON RD,2,1649,171.606548899947
1585,LOUISVILLE LOOP,5,1650,3731.14504118944
1586,LOUISVILLE LOOP,5,1651,9237.1919615078
1587,GRASSLAND DR,5,1652,496.408238054363
1588,GRASSLAND DR,5,1653,487.437055571523
1589,LOUISVILLE LOOP,5,1654,969.321733673597
1590,LOUISVILLE LOOP,5,1655,311.142717602232
1591,PEE WEE REESE RD,2,1656,2015.4366611595
1592,PEE WEE REESE RD,2,1657,463.291115328724
1593,PEE WEE REESE RD,2,1658,2545.32985602961
1594,BOWMAN FIELD,5,1659,1771.48519901814
1595,SHAWNEE LOOP RD,5,1660,695.168753360213
1596,SHAWNEE PARK RD,5,1661,705.985730997469
1597,SHAWNEE PARK RD,5,1662,674.930140279285
1598,SHAWNEE PARK RD,5,1663,651.330754766535
1599,SHAWNEE PARK RD,5,1664,2159.84574237726
1600,SHAWNEE PARK RD,5,1665,232.140304613278
1601,SHAWNEE PARK RD,5,1666,184.068234078157
1602,DIRTBOWL DR,5,1667,1774.9849654158
1603,Joe Creason Park,5,1668,1254.47771957774
1604,CHEROKEE PARK,5,1669,1498.24527827054
1605,CHEROKEE PARK,5,1670,1447.22272850308
1606,CHEROKEE PARK,5,1671,671.464574322524
1607,CHEROKEE PARK,5,1672,1584.97429564092
1608,CHEROKEE PARK,5,1673,415.529324809038
1609,CHEROKEE PARK,5,1674,185.621610976169
1610,CHEROKEE PARK,5,1675,216.279050643822
1611,CHEROKEE PARK,5,1676,135.225314478409
1612,CHEROKEE PARK,5,1677,172.796986765249
1613,CHEROKEE PARK,5,1678,93.8480249432143
1614,CHEROKEE PARK,5,1679,256.220442593487
1615,CHEROKEE PARK,5,1680,36.2588143615794
1616,S BROOK ST,4,1681,203.769381490535
1617,STONESTREET RD,2,1682,279.937298802467
1618,TAYLORSVILLE RD,2,1683,197.840257117855
1619,GOLDSMITH LN,4,1684,486.349429700225
1620,POPLAR LEVEL RD,2,1685,257.372577542957
1621,TAYLORSVILLE RD,2,1686,236.126424661851
1622,POPLAR LEVEL RD,2,1687,276.536991055895
1623,GRINSTEAD DR,2,1688,282.004089298796
1624,POPLAR LEVEL RD,2,1689,397.925244422917
1625,STONESTREET RD,2,1690,442.889664314436
1626,STONESTREET RD,2,1691,316.690174675994
1627,STONESTREET RD,2,1692,300.883691344178
1628,W MUHAMMAD ALI BLVD,2,1693,156.495475959043
1629,TAYLORSVILLE RD,2,1694,305.007726130327
1630,SOUTHERN PKY,2,1695,512.914828568662
1631,N SPRING ST,4,1696,406.321644775111
1632,Northwestern Pkwy (Detour),4,1697,3409.91783867245
1633,S 1ST ST,2,1699,1081.36575427725
1634,S 1ST ST,2,1700,95.3393558968525
1635,S 1ST ST,4,1701,1177.16264586147
1636,S BROOK ST,2,1702,809.759508818327
1637,S BROOK ST,4,1703,759.857995034456
1638,S BROOK ST,4,1704,49.3715749774802
1639,S 6TH ST,4,1705,206.825739407699
1640,S 6TH ST,2,1706,1276.66148069966
1641,S 6TH ST,4,1707,1578.30284792984
1642,S 6TH ST,2,1708,347.49416060562
1643,LEXINGTON RD,2,1739,291.202492088492
1644,LEXINGTON RD,2,1740,427.16092170987
1645,LEXINGTON RD,2,1741,940.019785446765
1646,LEXINGTON RD,2,1742,920.008775195973
1647,LEXINGTON RD,2,1743,83.1649885807839
1648,LEXINGTON RD,2,1744,420.251615040951
1649,LEXINGTON RD,2,1745,515.527138553922
1650,LEXINGTON RD,2,1746,273.582766514034
1651,LEXINGTON RD,2,1747,455.548993550438
1652,LEXINGTON RD,2,1748,424.685293861447
1653,LEXINGTON RD,2,1749,95.8635821507449
1654,LEXINGTON RD,2,1750,328.949555049955
1655,LEXINGTON RD,2,1751,592.822856474462
1656,LEXINGTON RD,2,1752,73.6567852975946
1657,LEXINGTON RD,2,1753,152.414527673681
1658,LEXINGTON RD,2,1754,400.146840722102
1659,BARRET AVE,5,1755,94.6586680493102
1660,CASTLEWOOD AVE,1,1756,564.651409835004
1661,BARRET AVE,5,1757,502.78132876456
1662,CASTLEWOOD AVE,1,1758,654.320358706862
1663,BARRET AVE,5,1759,842.570037132181
1664,BARRET AVE,5,1760,174.131851992991
1665,MET,5,1761,3207.79290129107
1666,SOUTHERN PKY,2,1762,412.206975425739
1667,SOUTHERN PKY,2,1763,319.293801134845
1668,SOUTHERN PKY,2,1764,829.100156510577
1669,SOUTHERN PKY,2,1765,512.127984167531
1670,SOUTHERN PKY,2,1766,756.956060527466
1671,SOUTHERN PKY,2,1767,693.703372699868
1672,SOUTHERN PKY,2,1768,509.215486552882
1673,SOUTHERN PKY,2,1769,1472.83769978846
1674,SOUTHERN PKY,2,1770,511.009065671522
1675,SOUTHERN PKY,2,1771,885.008656781379
1676,SOUTHERN PKY,2,1772,506.728544695872
1677,MET,5,1773,3786.82409793611
1678,MET,5,1774,3235.59500919802
1679,LEXINGTON RD,2,1775,283.01792116377
1680,LEXINGTON RD,2,1776,276.667387495188
1681,LEXINGTON RD,2,1777,870.496741712128
1682,LEXINGTON RD,2,1778,330.810676006686
1683,LEXINGTON RD,2,1779,374.280802767593
1684,LEXINGTON RD,2,1780,380.417714453608
1685,LEXINGTON RD,2,1781,418.727358735254
1686,LEXINGTON RD,2,1782,234.935494267224
1687,LEXINGTON RD,2,1783,322.018800928905
1688,LEXINGTON RD,2,1784,313.200113969348
1689,LEXINGTON RD,2,1785,429.668724247468
1690,LEXINGTON RD,2,1786,1076.43230002959
1691,LEXINGTON RD,2,1787,430.289084765211
1692,LEXINGTON RD,2,1788,331.896812851376
1693,LEXINGTON RD,2,1789,255.183710022837
1694,LEXINGTON RD,2,1790,171.606548899947
1695,SOUTHERN PKY,2,1791,512.914828568662
1696,NEW LA GRANGE RD,2,1792,457.870159505707
1697,NEW LA GRANGE RD,2,1793,136.5290058612
1698,NEW LA GRANGE RD,2,1794,537.711662810206
1699,NEW LA GRANGE RD,2,1795,401.060203438109
1700,NEW LA GRANGE RD,2,1796,52.3970521219752
1701,NEW LA GRANGE RD,2,1797,393.800952126947
1702,NEW LA GRANGE RD,2,1798,241.407110568139
1703,NEW LA GRANGE RD,2,1799,387.176673285935
1704,NEW LA GRANGE RD,2,1800,170.500325993645
1705,NEW LA GRANGE RD,2,1801,282.94702587788
1706,NEW LA GRANGE RD,2,1802,1976.45613927043
1707,NEW LA GRANGE RD,2,1803,259.476118629631
1708,NEW LA GRANGE RD,2,1804,663.947582690408
1709,NEW LA GRANGE RD,2,1805,597.018965088681
1710,NEW LA GRANGE RD,2,1806,549.211086321353
1711,NEW LA GRANGE RD,2,1807,351.435089035172
1712,NEW LA GRANGE RD,2,1808,631.626859260083
1713,NEW LA GRANGE RD,2,1809,234.019084017322
1714,NEW LA GRANGE RD,2,1810,335.767173028353
1715,NEW LA GRANGE RD,2,1811,215.818655282389
1716,NEW LA GRANGE RD,2,1812,364.527098711686
1717,NEW LA GRANGE RD,2,1813,932.180036451699
1718,NEW LA GRANGE RD,2,1814,1445.89402367099
1719,NEW LA GRANGE RD,2,1815,275.704594668679
1720,NEW LA GRANGE RD,2,1816,210.807755723929
1721,NEW LA GRANGE RD,2,1817,369.387066256736
1722,NEW LA GRANGE RD,2,1818,128.809652932606
